,name,price,area_m2,date,floor_number,age,bath_number,district,room_number,total_floor_number,age_new,district_new,room_number_new,area_new
0,KÄ°RALIK 3+1 MANÄ°SA AKGEDÄ°K 2. KAT ARAKAT 3+1 125 m2 FULL Ã–ZELLÄ°KLÄ°Fiyat: 13.000 â‚º,13.0,130.0,13-11-2023,2.0,4.0,1,Akgedik,3 + 1,4.0,0.0,1.0,3.0,5.0
1,KÄ°RALIK 3+1 140 m22. Kat Full Ã¶zellikliÂ Ä°BRAHÄ°M Ã‡ELEBÄ° MAH,14.0,145.0,13-11-2023,2.0,17.0,1,Ä°brahimÃ§elebi,3 + 1,5.0,3.0,1.0,3.0,6.0
2,MANÄ°SA MERKEZDE EÅYALI 1+1 KÄ°RALIK DAÄ°RE,9.75,75.0,13-11-2023,1.0,30.0,1,Mimar Sinan,1 + 1,5.0,5.0,1.0,1.0,2.0
3,KiralÄ±k EÅŸyalÄ± Daire Manisa Karaali villalarÄ±n orda,15.5,85.0,13-11-2023,2.0,3.0,1,Karaali,1 + 1,3.0,0.0,1.0,1.0,2.0
4,KiralÄ±k Daire Manisa 2.Anafartalar Mah,12.5,90.0,13-11-2023,3.0,28.0,1,2. Anafartalar,2 + 1,6.0,5.0,1.0,2.0,3.0
5,Akhisar RagÄ±pbey'de Merkezi Konumda DoÄŸalgazlÄ± KiralÄ±k 3+1 KÃ¶ÅŸe Daire,8.25,130.0,13-11-2023,3.0,25.0,1,RagÄ±p Bey,3 + 1,3.0,4.0,3.0,3.0,5.0
6,1CÄ° ANAFARTALAR MH SÄ°NDE KÄ°RALIK  4 BALKON 3+1  120m2  DAÄ°RA,13.0,135.0,11-11-2023,3.0,30.0,1,2. Anafartalar,3 + 1,6.0,5.0,1.0,3.0,5.0
7,UZUN EMLAK'TAN ÅEHÄ°R MERKEZÄ°NDE ( VERGÄ° DAÄ°RESÄ° YAKINI-MALTA'DA) KÄ°RALIK DAÄ°RE,13.5,120.0,10-11-2023,2.0,20.0,1,Tevfikiye,3 + 1,5.0,3.0,1.0,3.0,4.0
8,UNCUBOZKÃ–Y DE KÄ°RALIK 3+1 120 m2 ARAKAT  3 BALKON DAÄ°RE,14.75,135.0,11-11-2023,2.0,25.0,1,UncubozkÃ¶y,3 + 1,5.0,4.0,1.0,3.0,5.0
9,UZUN EMLAK'TAN ÅEYH FENARÄ° CAMÄ°SÄ° YAKINI 3+1 KÄ°RALIK,14.0,115.0,19-10-2023,1.0,25.0,1,Tevfikiye,3 + 1,5.0,4.0,1.0,3.0,4.0
10,KÄ°RALIK  2+1  100 m2MURADÄ°YE MAH. Ã–nÃ¼ AÃ§Ä±k Ferah Bir Daire,12.0,105.0,08-11-2023,2.0,6.0,1,Muradiye,2 + 1,3.0,1.0,1.0,2.0,4.0
11,"ERGENEKON ""DA KÄ°RALIK DAÄ°RE",12.0,145.0,07-11-2023,2.0,3.0,2,Ergenekon,3 + 1,4.0,0.0,1.0,3.0,6.0
12,Manisa Yunusemre 75.YÄ±l Mh.KiralÄ±k 3+1 Dubleks  13 Nolu Daire,17.0,140.0,01-11-2023,1.0,0.0,1,75. YÄ±l,3 + 1,2.0,0.0,1.0,3.0,5.0
13,Manisa M. Devlet Hastanesi YanÄ± KiralÄ±k 3+1 Daire,12.0,120.0,13-11-2023,1.0,20.0,1,Merkez Efendi,3 + 1,5.0,3.0,2.0,3.0,4.0
14,Akhisar AtatÃ¼rk Mahallesi'nde 3+1 KiralÄ±k Daire,13.0,138.0,13-11-2023,4.0,1.0,2,AtatÃ¼rk,3 + 1,4.0,0.0,2.0,3.0,5.0
15,Manisa Yunusemre 75.YÄ±l Mh.KiralÄ±k 3+1 Dubleks 12 Nolu Daire,17.0,140.0,01-11-2023,2.0,0.0,1,75. YÄ±l,3 + 1,2.0,0.0,1.0,3.0,5.0
16,VALÄ°LÄ°K CÄ°VARINDA 2 ODA 1 SALON 2.BALKON,12.0,115.0,12-11-2023,2.0,25.0,1,Sakarya,2 + 1,5.0,4.0,1.0,2.0,4.0
17,MANÄ°SA-AKHÄ°SAR-SATILIK DAÄ°RE- HÃœRRÄ°YET MAHALLESÄ°.,10.0,140.0,13-11-2023,2.0,10.0,1,HÃ¼rriyet,3 + 1,3.0,1.0,2.0,3.0,5.0
18,Akhisar AtatÃ¼rk Mahallesi'nde 2+1 KiralÄ±k Daire,9.0,105.0,13-11-2023,1.0,1.0,2,AtatÃ¼rk,2 + 1,2.0,0.0,2.0,2.0,4.0
19,Manisa Yunusemre 75.YÄ±l Mh.KiralÄ±k 1+1 Arka Cephe 11 Nolu Daire,12.0,65.0,01-11-2023,2.0,0.0,1,75. YÄ±l,1 + 1,2.0,0.0,1.0,1.0,1.0
20,UZUN EMLAK'TAN ÅEHÄ°R MERKEZÄ°NDE (SAKARYA) VALÄ°LÄ°K CÄ°VARI,12.0,110.0,18-10-2023,2.0,25.0,1,Sakarya,3 + 1,5.0,4.0,1.0,3.0,4.0
21,laleli meydanÄ± civarÄ± eÅŸyalÄ± kiralÄ±k daire,7.5,90.0,07-11-2023,2.0,25.0,1,Hafsa Sultan,2 + 1,2.0,4.0,2.0,2.0,3.0
22,"Manisa Peker Mah.Tapu YakÄ±nÄ± Aileye,Ã–ÄŸrenciye EÅŸyalÄ± 3+1 Daire",16.0,150.0,13-11-2023,5.0,25.0,1,Peker,3 + 1,5.0,4.0,0.0,3.0,6.0
23,MANÄ°SA LALELÄ° DE KÄ°RALIK D.GAZLI 3+1 5.KAT KISMÄ° EÅYALI 11.000 TL,11.0,130.0,13-11-2023,5.0,23.0,1,Mesir,3 + 1,5.0,4.0,2.0,3.0,5.0
24,UZUN EMLAK'TAN AKHÄ°SAR ATATÃœRK MAHALLESÄ°NDE OTOPARKLI SIFIR 3+1 DAÄ°RE,12.5,138.0,12-11-2023,1.0,0.0,1,AtatÃ¼rk,3 + 1,5.0,0.0,2.0,3.0,5.0
25,Manisa Yunusemre 75.YÄ±l Mh.KiralÄ±k 1+1 Ã–n Cephe 18 Nolu Daire,14.0,65.0,01-11-2023,2.0,0.0,1,75. YÄ±l,1 + 1,2.0,0.0,1.0,1.0,1.0
26,Manisa Yunusemre 75.YÄ±l Mh.KiralÄ±k 1+1 Arka Cephe 10 Nolu Daire,14.0,68.0,01-11-2023,2.0,0.0,1,75. YÄ±l,1 + 1,2.0,0.0,1.0,1.0,1.0
27,Manisa Yunusemre 75.YÄ±l Mh.KiralÄ±k 1+1 Ã–n Cephe 17 Nolu Daire,14.0,65.0,01-11-2023,2.0,0.0,1,75. YÄ±l,1 + 1,2.0,0.0,1.0,1.0,1.0
28,Manisa Yunusemre 75.YÄ±l Mh.KiralÄ±k 1+1 Ã–n Cephe 8 Nolu Daire,12.0,70.0,01-11-2023,2.0,0.0,1,75. YÄ±l,1 + 1,2.0,0.0,1.0,1.0,2.0
29,Manisa Yunusemre 75.YÄ±l Mh.KiralÄ±k 3+1 Dubleks 16 Nolu Daire,17.0,140.0,01-11-2023,2.0,0.0,1,75. YÄ±l,3 + 1,2.0,0.0,1.0,3.0,5.0
30,GÃœZELYURT MAH.EÅYALI KÄ°RALIK 1+1,12.0,75.0,02-11-2023,10.0,5.0,1,GÃ¼zelyurt,1 + 1,4.0,0.0,0.0,1.0,2.0
31,Manisa Yunusemre 75.YÄ±l Mh.KiralÄ±k 1+1 Yan Cephe 7 Nolu Daire,12.0,65.0,01-11-2023,1.0,0.0,1,75. YÄ±l,1 + 1,2.0,0.0,1.0,1.0,1.0
32,Manisa Yunusemre 75.YÄ±l Mh.KiralÄ±k 3+1 Dubleks 15 Nolu Daire,17.0,140.0,01-11-2023,2.0,0.0,1,75. YÄ±l,3 + 1,2.0,0.0,1.0,3.0,5.0
33,Manisa Yunusemre 75.YÄ±l Mh.KiralÄ±k 1+1 Yan Cephe 6 Nolu Daire,12.0,65.0,01-11-2023,1.0,0.0,1,75. YÄ±l,1 + 1,2.0,0.0,1.0,1.0,1.0
34,M / Å gayrumenkulden  kiralÄ±k daire,7.5,120.0,09-11-2023,1.0,15.0,1,Eski Cami,3 + 1,4.0,2.0,2.0,3.0,4.0
35,75.yÄ±l mahallesi kiralÄ±k mÃ¼stakil triplex,25.0,200.0,08-11-2023,1.0,20.0,3,75. YÄ±l,4 + 2,1.0,3.0,1.0,4.0,6.0
36,ATAHÄ°SAR SÄ°TESÄ°NDE KÄ°RALIK DAÄ°RE,7.5,125.0,27-10-2023,5.0,25.0,1,ReÅŸat Bey,3 + 1,5.0,4.0,3.0,3.0,4.0
37,Manisa Meydan projesinde KiralÄ±k 1+1 BahÃ§e KatÄ±,12.5,45.0,23-09-2023,1.0,0.0,1,UncubozkÃ¶y,1 + 1,4.0,0.0,1.0,1.0,0.0
38,MANÄ°SA  LALELÄ° MAH. 3+1 KÄ°RALIK DAÄ°RE,15.5,120.0,30-10-2023,2.0,25.0,1,Laleli,3 + 1,5.0,4.0,0.0,3.0,4.0
39,Manisa Yunusemre 75.YÄ±l Mh.KiralÄ±k 1+1 Yan Cephe 5 Nolu Daire,12.0,65.0,01-11-2023,1.0,0.0,1,75. YÄ±l,1 + 1,2.0,0.0,1.0,1.0,1.0
40,Akhisar HÃ¼rriyet Mahallesi'nde 3+1 KiralÄ±k Daire,8.5,130.0,13-11-2023,3.0,20.0,1,HÃ¼rriyet,3 + 1,3.0,3.0,2.0,3.0,5.0
41,Manisa Yunusemre 75.YÄ±l Mh.KiralÄ±k 2+1 Dubleks 14 Nolu Daire,15.0,130.0,01-11-2023,2.0,0.0,1,75. YÄ±l,2 + 1,2.0,0.0,1.0,2.0,5.0
42,KÄ°RALIK MANÄ°SA DERE MAH.2+1 85 MÂ² FULL EÅYALI DAÄ°RE,15.0,85.0,27-10-2023,1.0,11.0,1,Dere,2 + 1,5.0,2.0,0.0,2.0,2.0
43,sahibinden dogalgazli 3+1karanlik odasÄ± daire,9.5,160.0,11-11-2023,2.0,13.0,2,Fatih,3 + 1,2.0,2.0,3.0,3.0,6.0
44,Turgutlu cumhuriyet mh gardalya sokakta Zemin Ã¼stÃ¼ arakat 2+1,10.0,95.0,07-11-2023,2.0,18.0,1,Cumhuriyet,2 + 1,4.0,3.0,0.0,2.0,3.0
45,Manisa Meydan Sitesi YarÄ± EÅŸyalÄ± 1+1 Daire KiralÄ±k,11.0,48.0,11-11-2023,9.0,0.0,1,UncubozkÃ¶y,1 + 1,4.0,0.0,1.0,1.0,0.0
46,Manisa Meydan sitesinde 1+1 kiralÄ±k daire,14.0,56.0,06-11-2023,9.0,0.0,1,UncubozkÃ¶y,1 + 1,4.0,0.0,1.0,1.0,0.0
47,Manisa Yunusemre 75.YÄ±l Mh.KiralÄ±k 1+1 Yan Cephe 4 Nolu Daire,12.0,65.0,01-11-2023,1.0,0.0,1,75. YÄ±l,1 + 1,2.0,0.0,1.0,1.0,1.0
48,ALÄ°CAN GAYRÄ°MENKULDEN 50. YIL MAH. KÄ°RALIK DAÄ°RE,9.0,110.0,02-11-2023,5.0,20.0,1,50. YÄ±l,2 + 1,5.0,3.0,2.0,2.0,4.0
49,KOÃ‡AK'TAN AKGEDÄ°K TOKÄ°'DE KÄ°RALIK GENÄ°Å 3+1 DAÄ°RE,12.5,148.0,10-11-2023,3.0,1.0,2,Akgedik,3 + 1,5.0,0.0,1.0,3.0,6.0
50,Manisa salihlide M/Å gayrumenkulden kiralÄ±k lÃ¼x daire,17.0,140.0,01-11-2023,1.0,0.0,1,YÃ¶rÃ¼k,3 + 1,4.0,0.0,1.0,3.0,5.0
51,Manisa Yunusemre 75.YÄ±l Mh.KiralÄ±k 1+1 Yan Cephe 3 Nolu Daire,12.0,64.0,01-11-2023,1.0,0.0,1,75. YÄ±l,1 + 0,2.0,0.0,1.0,0.0,1.0
52,Manisa Startkey Elit2'den Park Manzara Evleri KiralÄ±k Arakat Daire,20.0,160.0,07-11-2023,9.0,7.0,2,Cumhuriyet,3 + 1,4.0,1.0,0.0,3.0,6.0
53,EÅYALI KÄ°RALIK 1+1Â 70 m2 Villalar BÃ¶lgesindeÂ Havuzlu,12.0,75.0,10-11-2023,2.0,5.0,1,Muradiye,1 + 1,3.0,0.0,1.0,1.0,2.0
54,Ã–Z ELÄ°T EMLAK'TAN SÃœRATYOLU ÃœZERÄ°NDE KÄ°RALIK ASANSÃ–RLÃœ 3+1 DOÄALGAZLI DAÄ°RE,12.0,125.0,08-11-2023,4.0,25.0,1,Yeni Mahalle,3 + 1,6.0,4.0,0.0,3.0,4.0
55,ALÄ°CAN GAYRÄ°MENKULDEN KÄ°RALIK AKMESCÄ°T MAH. DAÄ°RE,6.0,65.0,30-10-2023,1.0,30.0,1,Akmescit,1 + 1,5.0,5.0,1.0,1.0,1.0
56,MANÄ°SA SALÄ°HLÄ° NAMIK KEMAL MAH KÄ°RALIK 3+1 JEOTERMAL ISITMALI DAÄ°RE,8.0,145.0,10-11-2023,4.0,25.0,1,NamÄ±k Kemal,3 + 1,4.0,4.0,3.0,3.0,6.0
57,Manisa Yunusemre 75.YÄ±l Mh.KiralÄ±k 1+1 Arka Cephe 2 Nolu Daire,12.0,65.0,01-11-2023,1.0,0.0,1,75. YÄ±l,1 + 1,2.0,0.0,1.0,1.0,1.0
58,Manisa M. Devlet Hastanesi YanÄ± KiralÄ±k 3+1 Daire,12.0,120.0,10-11-2023,1.0,20.0,1,Merkez Efendi,3 + 1,5.0,3.0,2.0,3.0,4.0
59,Åehitler mh cumartesi pazari civari zemin Ã¼stÃ¼ ara kat sÄ±fÄ±r daire,10.0,115.0,07-11-2023,2.0,0.0,1,Åehitler,2 + 1,4.0,0.0,2.0,2.0,4.0
60,Ã–ZGÃœN GM'DEN MANÄ°SA MEYDAN'DA EÅYALI KÄ°RALIK 1+1,14.0,45.0,09-11-2023,9.0,0.0,1,UncubozkÃ¶y,1 + 1,4.0,0.0,1.0,1.0,0.0
61,SALÄ°HLÄ° MERKEZDE KÄ°RALIK 3+1,15.0,140.0,11-11-2023,1.0,5.0,1,Eski Cami,3 + 1,8.0,0.0,2.0,3.0,5.0
62,ALÄ°CAN GAYRÄ°MENKULDEN AKMESCÄ°T MAH. KÄ°RALIK DAÄ°RE,20.0,125.0,19-10-2023,2.0,10.0,1,Akmescit,3 + 1,5.0,1.0,1.0,3.0,4.0
63,Manisa Yunusemre 75.YÄ±l Mh.KiralÄ±k 1+1 Arka  Cephe 1 Nolu Daire,12.0,65.0,01-11-2023,1.0,0.0,1,75. YÄ±l,1 + 1,2.0,0.0,1.0,1.0,1.0
64,KOÃ‡AK'TAN KÄ°RALIK 3+1 KOMBÄ°LÄ° DAÄ°RE,12.0,138.0,07-11-2023,6.0,18.0,1,2. Anafartalar,3 + 1,8.0,3.0,1.0,3.0,5.0
65,Manisa Muradiye Mah.Ã‡eÅŸme Life Sitesinde Full EÅŸyalÄ± 1+1 KiralÄ±k,13.0,75.0,10-11-2023,3.0,3.0,1,Muradiye,1 + 1,3.0,0.0,1.0,1.0,2.0
66,KÄ°RALIK KONUTLARDA SIFIR DAIRE,10.0,120.0,08-11-2023,2.0,0.0,1,Selvilitepe,2 + 1,4.0,0.0,2.0,2.0,4.0
67,Manisa Kula'da D.gaz Kombili Merkezi Konumda  145 mÂ² 3+1GeniÅŸ Daire,7.0,160.0,13-11-2023,1.0,10.0,1,Seyitali,3 + 1,3.0,1.0,3.0,3.0,6.0
68,Manisa Yunusemre Belediyesi ve BatÄ± KÄ±ÅŸla YakÄ±nÄ± KiralÄ±k Daire,20.0,150.0,09-11-2023,5.0,15.0,1,Yeni Mahalle,3 + 1,6.0,2.0,0.0,3.0,6.0
69,AKHÄ°SAR GÃœRBÃœZ EMLAK TAN RAÄIPBEY MAH.TAHÄ°RÃœN CADDESÄ°NDE 5.KAT DOÄALGAZLI KÄ°RALIK DAÄ°RE,6.5,125.0,13-11-2023,5.0,30.0,1,RagÄ±p Bey,3 + 1,5.0,5.0,3.0,3.0,4.0
70,AlaÅŸehir Ä°stasyon Mahallesi 2+1 KiralÄ±k EÅŸyalÄ± Daire,7.5,90.0,11-11-2023,2.0,30.0,1,Ä°stasyon,2 + 1,2.0,5.0,3.0,2.0,3.0
71,BluEstate'ten EKMAS MANÄ°SA'da 1+1 EÅYASIZ KÄ°RALIK DAÄ°RE,9.5,45.0,10-11-2023,2.0,0.0,1,Muradiye,1 + 1,2.0,0.0,1.0,1.0,0.0
72,Startkey Elit2'den KeÃ§ilikÃ¶y OSB / Anemon Hotel Civari,12.5,145.0,11-11-2023,2.0,11.0,2,KeÃ§ili KÃ¶y,3 + 1,4.0,2.0,1.0,3.0,6.0
73,Ã–Z ELÄ°T EMLAK'TAN AKINCILAR MAH. KÄ°RALIK ARA KAT ASANSÃ–RLÃœ DAÄ°RE,12.5,118.0,09-11-2023,3.0,15.0,1,AkÄ±ncÄ±lar,3 + 1,5.0,2.0,1.0,3.0,4.0
74,bahceÅŸehir koleji yani yapÄ±net arkasÄ± kiralÄ±k daireler,23.0,130.0,22-10-2023,1.0,0.0,2,Muradiye,3 + 1,3.0,0.0,1.0,3.0,5.0
75,UncubozkÃ¶y Mahallesinde 3+1 kiralÄ±k ev,18.0,130.0,21-10-2023,2.0,15.0,1,UncubozkÃ¶y,3 + 1,5.0,2.0,1.0,3.0,5.0
76,EÅŸyalÄ± 2+1 daire not:5 KasÄ±mda  boÅŸalacakâ€¦,12.0,100.0,02-11-2023,2.0,1.0,1,KeÃ§ili KÃ¶y,2 + 1,3.0,0.0,1.0,2.0,4.0
77,UZUN EMLAK'TAN GÃœZELYURT'TA SÄ°TE Ä°Ã‡ERÄ°SÄ°NE 1+1 FULL EÅYALI DAÄ°RE,13.0,70.0,22-09-2023,4.0,13.0,1,GÃ¼zelyurt,3 + 1,7.0,2.0,0.0,3.0,2.0
78,SALÄ°HLÄ° CÄ°N EMLAK'TAN KIRVELÄ° MAH 3+1 140 M2  DOÄALGAZLI KÄ°RALIK DAÄ°RE,12.0,140.0,04-11-2023,2.0,9.0,1,KÄ±rveli,3 + 1,5.0,1.0,1.0,3.0,5.0
79,KÄ°RALIK DAÄ°RE,15.0,100.0,27-10-2023,4.0,8.0,2,AtatÃ¼rk,2 + 1,7.0,1.0,2.0,2.0,4.0
80,Uncubozkoy Villalar BÃ¶lgesinde KiralÄ±k 3+1 BahÃ§eli Daire,18.5,130.0,13-11-2023,1.0,8.0,1,UncubozkÃ¶y,3 + 1,3.0,1.0,1.0,3.0,5.0
81,Kiralik istiklal mh limoncu cami civari zemin kat 2+1 85m2,5.0,90.0,11-11-2023,1.0,25.0,1,Ä°stiklal,2 + 1,4.0,4.0,3.0,2.0,3.0
82,Manisa cbÃ¼ kampÃ¼s toki kiralÄ±k daire,18.0,190.0,29-10-2023,4.0,6.0,2,BaÄŸyolu,4 + 1,7.0,1.0,0.0,4.0,6.0
83,REÄ°S GAYRÄ°MENKUL'DEN KÄ°RALIK DAÄ°RE,11.0,125.0,23-10-2023,4.0,5.0,2,Åehitler,3 + 1,4.0,0.0,2.0,3.0,4.0
84,MANÄ°SA MEYDAN DOÄA VE ÅEHÄ°R MANZARALI EÅYALI 1+1 KÄ°RALIK DAÄ°RE,14.0,45.0,06-11-2023,11.0,0.0,1,UncubozkÃ¶y,1 + 1,4.0,0.0,1.0,1.0,0.0
85,2 yÄ±llÄ±k masrafsÄ±z kiralÄ±k daire aÃ§Ä±k mutfak,11.0,85.0,02-11-2023,2.0,2.0,1,GÃ¼zelyurt,2 + 1,5.0,0.0,0.0,2.0,2.0
86,Akhisar HÃ¼rriyet Mahallesi'nde 3+1 KiralÄ±k Daire,9.0,135.0,11-11-2023,2.0,20.0,1,HÃ¼rriyet,3 + 1,4.0,3.0,2.0,3.0,5.0
87,DÄ°ALOG DOSTLARDAN EÅYALI KÄ°RALIK KUSURSUZ DAÄ°RE,10.0,130.0,26-09-2023,1.0,5.0,1,AtatÃ¼rk,2 + 1,4.0,0.0,2.0,2.0,5.0
88,1+1 EÅŸyalÄ± KiralÄ±k Daire,12.0,70.0,10-11-2023,2.0,5.0,1,Muradiye,1 + 1,3.0,0.0,1.0,1.0,2.0
89,BEYZA GM'DEN MANÄ°SA MEYDAN PROJESÄ°NDE EÅYALI KÄ°RALIK 1+1 DAÄ°RE,13.5,45.0,15-10-2023,8.0,0.0,1,UncubozkÃ¶y,1 + 1,4.0,0.0,1.0,1.0,0.0
90,KiralÄ±k arakat kÃ¶ÅŸe daire,8.0,150.0,11-11-2023,3.0,27.0,1,Selvilitepe,3 + 1,8.0,5.0,2.0,3.0,6.0
91,DÄ°ALOG DOSTLARDAN EÅYALI KÄ°RALIK DAÄ°RE,7.0,70.0,27-09-2023,2.0,5.0,1,PaÅŸa,2 + 1,3.0,0.0,2.0,2.0,2.0
92,KiralÄ±k Daire Peker mahlesi,11.5,100.0,29-10-2023,2.0,25.0,1,1. Anafartalar,2 + 1,5.0,4.0,0.0,2.0,4.0
93,TURGUTLU SELVÄ°LÄ°TEPE MH YOLA YAKIN 3+1 DOÄALGAZLI KÄ°RALIK DAÄ°RE,10.0,125.0,01-11-2023,4.0,4.0,1,Selvilitepe,3 + 1,4.0,0.0,2.0,3.0,4.0
94,MANÄ°SA SALÄ°HLÄ° KÄ°PA ARKASINDA KÄ°RALIK 3+1 DOÄALGAZ ISITMALI DAÄ°RE,10.0,135.0,20-10-2023,1.0,7.0,2,Åehitler,3 + 1,4.0,1.0,2.0,3.0,5.0
95,YARASANLAR MAH MASKÄ° CÄ°VARI KÄ°RALIK SIFIR  2+1 Ã‡ATI DUBLEKS,13.5,120.0,20-10-2023,5.0,0.0,2,Yarhasanlar,2 + 1,5.0,0.0,2.0,2.0,4.0
96,MANÄ°SA MEYDAN HAVUZ VE PEYZAJ MANZARALI FIRSAT 1+1 KÄ°RALIK DAÄ°RE,12.0,45.0,02-11-2023,2.0,0.0,1,UncubozkÃ¶y,1 + 1,4.0,0.0,1.0,1.0,0.0
97,UZUN EMLAK'TAN ULUPARK'A 3 DK MESAFEDE ÅEHÄ°R MEREZÄ°NDE 3+1 DOÄALGAZLI,10.0,105.0,16-10-2023,4.0,25.0,1,Yarhasanlar,3 + 1,5.0,4.0,2.0,3.0,4.0
98,ÅEHÄ°TLER MAHALLESÄ°NDE KÄ°RALÄ°K DAÄ°RE,10.5,160.0,31-10-2023,2.0,14.0,1,KurtuluÅŸ,3 + 1,4.0,2.0,2.0,3.0,6.0
99,teyfikiye mah SGK karÅŸÄ±sÄ± kiralÄ±k klima ve doÄŸalgaz,11.0,130.0,12-11-2023,3.0,25.0,2,Merkez Efendi,3 + 1,6.0,4.0,2.0,3.0,5.0
100,AKHÄ°SAR GÃœRBÃœZ EMLAK TAN KETHÃœDA MAHALLESÄ° HERGELEN MEYDANINDA 5.KAT SOBALI KÄ°RALIK DAÄ°RE,4.0,127.0,13-11-2023,5.0,30.0,1,KethÃ¼da,3 + 1,5.0,5.0,3.0,3.0,4.0
101,Eski garajÄ±n orada kiralÄ±k ev DinÃ§er Mahallesi,8.0,140.0,09-11-2023,2.0,18.0,1,DinÃ§er,3 + 1,4.0,3.0,3.0,3.0,5.0
102,Ã–Z ELÄ°T EMLAK'TAN GÃ–KTAÅLI MAH. KÄ°RALIK DOÄALGAZLI ARA KAT,10.0,115.0,24-10-2023,3.0,30.0,1,GÃ¶ktaÅŸlÄ±,3 + 1,5.0,5.0,2.0,3.0,4.0
103,KÄ°RALIK KOMBÄ°LÄ° ÃœNÄ°VERSÄ°TEYE YAKINYENÄ° TADÄ°LATLI DAÄ°RE,10.5,114.0,09-11-2023,1.0,20.0,1,YÄ±lmazlar,2 + 1,4.0,3.0,2.0,2.0,4.0
104,"DARÃ‡IN ""DAN KÄ°RALIK DAÄ°RE",8.0,130.0,12-10-2023,2.0,35.0,1,YÄ±lmazlar,3 + 1,5.0,5.0,2.0,3.0,5.0
105,TAHÄ°RÃœN  CADDESÄ°NDE KÄ°RALIK DAÄ°RE,13.0,170.0,06-11-2023,2.0,20.0,1,PaÅŸa,2 + 1,5.0,3.0,2.0,2.0,6.0
106,3+1 16.kat full 170 M2  kiralÄ±k,9.0,170.0,12-11-2023,16.0,0.0,2,HÃ¼rriyet,3 + 1,4.0,0.0,2.0,3.0,6.0
107,alaybey beÅŸyol cadde Ã¼zeri asansÃ¶rlÃ¼ kiralÄ±k daire,10.5,85.0,10-11-2023,2.0,20.0,1,Alaybey,2 + 1,5.0,3.0,2.0,2.0,2.0
108,KOÃ‡AK'TAN SIFIR TADÄ°LATLI/3+1 KÄ°RALIK ZEMÄ°N KOMBÄ°LÄ° DAÄ°RE,15.0,115.0,25-10-2023,1.0,22.0,1,UncubozkÃ¶y,3 + 1,3.0,4.0,1.0,3.0,4.0
109,KÄ°RALÄ°K SEHITLER MH ARAKAT DAIRE 2+1,6.0,95.0,08-11-2023,2.0,20.0,1,Åehitler,2 + 1,4.0,3.0,2.0,2.0,3.0
110,FÄ°YAT DÃœÅTÃœ! Ã–Z ELÄ°T EMLAK'TAN MERKEZ EFENDÄ° MAH. KÄ°RALIK DAÄ°RE,11.0,120.0,01-11-2023,6.0,17.0,1,Merkez Efendi,2 + 1,6.0,3.0,2.0,2.0,4.0
111,KiralÄ±k her yere yakÄ±n merkezde daire,14.0,110.0,02-11-2023,2.0,20.0,1,Tevfikiye,3 + 1,4.0,3.0,1.0,3.0,4.0
112,KÄ°RALIK DAÄ°RE TAHÄ°RÃœN CADDESÄ°NDE,13.0,170.0,06-11-2023,2.0,20.0,1,PaÅŸa,2 + 1,5.0,3.0,2.0,2.0,6.0
113,Cumhuriyet MH Kervan Yoluna yakÄ±n FULL LÃ¼ks Ã§atÄ± dubleksi,25.0,280.0,11-11-2023,4.0,1.0,2,Cumhuriyet,5 + 2,4.0,0.0,0.0,4.0,6.0
114,PEKER MAHALLESÄ°NDE KÄ°RALIK SIFIR DAÄ°RE,15.0,120.0,10-11-2023,2.0,1.0,1,Peker,3 + 1,4.0,0.0,0.0,3.0,4.0
115,Manisa mega1 kombili asansorlu otoparklÄ± KiralÄ±k daire,11.5,130.0,11-11-2023,10.0,18.0,1,Hafsa Sultan,3 + 1,4.0,3.0,2.0,3.0,5.0
116,BluEstate'ten EKMAS MANÄ°SA'da 1+1 EÅYALI KÄ°RALIK,12.5,40.0,01-11-2023,1.0,0.0,1,Muradiye,1 + 1,2.0,0.0,1.0,1.0,0.0
117,AKHÄ°SAR HÃœRRÄ°YET MAH KÄ°RALIK DAIRE,8.5,140.0,08-11-2023,2.0,18.0,1,HÃ¼rriyet,3 + 1,5.0,3.0,2.0,3.0,5.0
118,2+1 full eÅŸyalÄ± Ã¶ÄŸrenci evi,15.0,75.0,29-09-2023,3.0,12.0,1,KurtuluÅŸ,2 + 1,4.0,2.0,2.0,2.0,2.0
119,Manisa Meydan Projesi'nde Havuz Cepheli BahÃ§e KatÄ± Ã‡ok Keyifli Kiralik 1+1,12.75,55.0,09-11-2023,1.0,0.0,1,UncubozkÃ¶y,1 + 1,4.0,0.0,1.0,1.0,0.0
120,MANÄ°SA ÅEHZADELER SANCAKLI BOZKÃ–Y TOKÄ°DE MANÄ°SAYA 15 KM MESAFEDE 2+1 85M2 5.500 TL,5.5,85.0,13-11-2023,3.0,0.0,1,SancaklÄ±bozkÃ¶y,2 + 1,3.0,0.0,3.0,2.0,2.0
121,AKHÄ°SAR GÃœRBÃœZ EMLAK TAN ATATÃœRK MAHALLESÄ° UMUT PARKI YAKINI 3.KAT DOÄALGAZLI KÄ°RALIK DAÄ°RE,10.0,135.0,10-11-2023,3.0,15.0,1,AtatÃ¼rk,3 + 1,3.0,2.0,2.0,3.0,5.0
122,Manisa Yunusemre Tevfikiye Mahallesinde 2+1 KiralÄ±k Daire,12.5,70.0,12-10-2023,1.0,3.0,1,Merkez Efendi,2 + 1,5.0,0.0,2.0,2.0,2.0
123,Manisa Meydan Sitesinde KiralÄ±k 1+1 Daire,11.0,45.0,23-10-2023,13.0,0.0,1,UncubozkÃ¶y,1 + 1,4.0,0.0,1.0,1.0,0.0
124,Fatih ParkÄ± KarsÄ±sÄ±nda 4+1 AÃ§Ä±k MutfaklÄ± LÃ¼ks KiralÄ±k Daire,25.0,170.0,13-11-2023,5.0,16.0,1,1. Anafartalar,3 + 1,5.0,3.0,0.0,3.0,6.0
125,KÄ°RALlK DAÄ°RE,7.0,90.0,26-10-2023,2.0,0.0,1,KethÃ¼da,2 + 1,4.0,0.0,3.0,2.0,3.0
126,Startkey Elit2 'den Muradiye EÅŸyalÄ± 2+1 Daire,12.0,75.0,11-11-2023,2.0,4.0,1,Muradiye,2 + 1,4.0,0.0,1.0,2.0,2.0
127,Acil yatÄ±rÄ±mdan kiralÄ±k asansÃ¶rlÃ¼ daire,15.0,130.0,09-10-2023,6.0,30.0,1,Sakarya,3 + 1,6.0,5.0,1.0,3.0,5.0
128,Manisa Meydan Sitesinde EÅŸyalÄ± KiralÄ±k 1+1 Daire,15.75,48.0,23-10-2023,5.0,0.0,1,UncubozkÃ¶y,1 + 1,4.0,0.0,1.0,1.0,0.0
129,KiralÄ±k Daire Muradiye 23 nisan parkÄ± yakÄ±nÄ±,12.0,120.0,29-10-2023,2.0,5.0,1,Muradiye,3 + 1,5.0,0.0,1.0,3.0,4.0
130,TURGUTLU DA SIFIR KÄ°RALIK 2+1 DAÄ°RE,10.0,115.0,10-11-2023,1.0,0.0,1,Åehitler,2 + 1,4.0,0.0,2.0,2.0,4.0
131,BEYZA GM DEN GÃœZELYURT HAVUZKU SÄ°TE Ä°Ã‡ERÄ°SÄ°NDE KÄ°RALIK DAÄ°RE,20.0,135.0,15-10-2023,3.0,5.0,1,GÃ¼zelyurt,3 + 1,8.0,0.0,0.0,3.0,5.0
132,Manisa Meydan Sitesi Havuz Cepheli KiralÄ±k 1+1 Daire,11.0,45.0,23-10-2023,6.0,0.0,1,UncubozkÃ¶y,1 + 1,4.0,0.0,1.0,1.0,0.0
133,Startkey Elit2'den Muradiye Mah.Ã‡avuÅŸ Sok.2+1 EÅYALI DAÄ°RE,12.0,75.0,02-11-2023,2.0,4.0,1,Muradiye,2 + 1,4.0,0.0,1.0,2.0,2.0
134,SALÄ°HLÄ° SAÄLIKDA KÄ°RALIK DAÄ°RE,8.0,110.0,06-11-2023,1.0,11.0,1,SaÄŸlÄ±k,2 + 1,5.0,2.0,3.0,2.0,4.0
135,TURGUTLU EYMEN EMLAK'TAN ERGENEKON MH. 3+1 DOÄALGAZLI KÄ°RALIK DAÄ°RE ğŸ¡,12.5,130.0,05-10-2023,2.0,0.0,2,Ergenekon,3 + 1,4.0,0.0,1.0,3.0,5.0
136,Manisa Meydan Sitesi Havuz Cephe KiralÄ±k 1+1 Daire,12.5,45.0,21-09-2023,3.0,0.0,1,UncubozkÃ¶y,1 + 1,4.0,0.0,1.0,1.0,0.0
137,Akhisar RagÄ±pbey Mahallesi'nde 3+1 KiralÄ±k Daire,7.0,130.0,06-11-2023,1.0,20.0,1,RagÄ±p Bey,3 + 1,4.0,3.0,3.0,3.0,5.0
138,TURGUTLU GÃœVENLÄ°KLÄ° RESIDENCE 1+1 KÄ°RALIK,8.0,57.0,09-11-2023,2.0,5.0,1,Selvilitepe,1 + 1,4.0,0.0,2.0,1.0,0.0
139,GÃ–RAL EMLAK'TAN MURADÄ°YE MAH 3+1 K. MUTFAK ARA KAT KÄ°RALIK DAÄ°RE,11.0,125.0,23-10-2023,2.0,4.0,1,Muradiye,3 + 1,4.0,0.0,1.0,3.0,4.0
140,3+1 lux daire sahibinden,13.5,165.0,17-10-2023,2.0,8.0,2,KurtuluÅŸ,3 + 1,4.0,1.0,2.0,3.0,6.0
141,Manisa Meydan Sitesinde KiralÄ±k 1+1 Daire,11.5,48.0,23-10-2023,4.0,0.0,1,UncubozkÃ¶y,1 + 1,4.0,0.0,1.0,1.0,0.0
142,SAHÄ°BÄ°NDEN YAZARLAR SÄ°TESÄ°NDEN GENÄ°Å 1+1,13.0,70.0,03-11-2023,1.0,3.0,1,Muradiye,1 + 1,2.0,0.0,1.0,1.0,2.0
143,ERSOY GAYRÄ°MENKUL'DEN HAVUZLU SÄ°TEDE KÄ°RALIK EÅYALI 1+1 DAÄ°RE,12.25,70.0,16-10-2023,5.0,5.0,1,GÃ¼zelyurt,1 + 1,4.0,0.0,0.0,1.0,2.0
144,GÃ–LET MEVKÄ°Ä°NDE KÄ°RALIK 3+1SIFIR DUBLEKS DAÄ°RE,15.0,195.0,16-10-2023,3.0,0.0,2,AtatÃ¼rk,3 + 1,3.0,0.0,2.0,3.0,6.0
145,SALÄ°HLÄ° CÄ°N EMLAK'TAN CUMHURÄ°YET MAH 3+1 140 M2 JEOTERMALÄ° KÄ°RALIK DAÄ°RE,12.0,140.0,17-10-2023,1.0,15.0,1,Cumhuriyet,3 + 1,5.0,2.0,0.0,3.0,5.0
146,Startkey Elit2'den KeÃ§ilikÃ¶y Anemon Hotel CivarÄ± Daire,12.5,145.0,31-10-2023,2.0,12.0,1,KeÃ§ili KÃ¶y,3 + 1,3.0,2.0,1.0,3.0,6.0
147,Manisa Meydan Sitesi 1+1 EÅŸyalÄ± Havuz Cephe KiralÄ±k Daire,14.5,45.0,23-10-2023,8.0,0.0,1,UncubozkÃ¶y,1 + 1,4.0,0.0,1.0,1.0,0.0
148,MERKEZ EFENDÄ° MAHALLESÄ° 2+1 FULL Ã–ZELLÄ°KLÄ° KLÄ°MA DOÄALGAZ MEVCUT,13.0,105.0,01-11-2023,5.0,20.0,1,Merkez Efendi,2 + 1,5.0,3.0,2.0,2.0,4.0
149,Peker mah ful eÅŸyalÄ± kiralÄ±k,20.0,130.0,02-11-2023,5.0,15.0,1,Peker,3 + 1,5.0,2.0,0.0,3.0,5.0
150,Muradiye mh 2+1 80m2 full eÅŸyalÄ± doÄŸalgazlÄ± arakat daire,12.0,80.0,16-10-2023,2.0,3.0,1,Muradiye,2 + 1,3.0,0.0,1.0,2.0,2.0
151,SALÄ°HLÄ° CÄ°N EMLAK'TAN YÃ–RÃœK MAH 3+1 140 M2 KÄ°RALIK DOÄALGAZLI DAÄ°RE,10.5,140.0,22-09-2023,4.0,15.0,1,YÃ¶rÃ¼k,3 + 1,5.0,2.0,1.0,3.0,5.0
152,ULUPARK YAKINI YENÄ° BÄ°NADA KÄ°RALIK DAÄ°RE,13.0,85.0,24-10-2023,5.0,7.0,1,AkÄ±ncÄ±lar,2 + 1,5.0,1.0,1.0,2.0,2.0
153,Ã–Z ELÄ°T EMLAK'TAN GÃ–KTAÅLI MAHALLESÄ°NDE KÄ°RALIK 3+1 DOÄALGAZLI ARA KAT DAÄ°RE,10.0,120.0,01-11-2023,3.0,35.0,1,GÃ¶ktaÅŸlÄ±,3 + 1,5.0,5.0,2.0,3.0,4.0
154,Manisa Eski Adliye CivarÄ± 1 anafartalar da kiralÄ±k 2+1,10.0,89.0,30-10-2023,4.0,35.0,1,1. Anafartalar,2 + 1,6.0,5.0,0.0,2.0,2.0
155,AKGEDÄ°K GRUP'DAN AKGEDÄ°K TOKÄ° 1. ETAPDA KÄ°RALIK 3+1 DAÄ°RE,11.0,128.0,03-10-2023,2.0,4.0,2,Akgedik,3 + 1,5.0,0.0,1.0,3.0,4.0
156,15.000 TL LALELÄ° MAH KÄ°RALIK 3+1 Ã–NÃœ AÃ‡IK Ã–ZELLÄ°KLÄ° ARAKAT,15.0,130.0,27-10-2023,4.0,25.0,1,Laleli,3 + 1,5.0,4.0,0.0,3.0,5.0
157,ERSOY GAYRÄ°MENKUL'DEN FULL LÃœX Ã‡ARÅI'DA 3+1 AÃ‡IK MUTFAKLI DAÄ°RE,12.5,145.0,16-10-2023,1.0,21.0,1,Ege,3 + 1,5.0,4.0,2.0,3.0,6.0
158,ALÄ°CAN GAYRÄ°MENKULDEN KÄ°RALIK ADAKALE MAH.,12.0,65.0,02-11-2023,5.0,25.0,1,Adakale,1 + 1,5.0,4.0,1.0,1.0,1.0
159,KÄ°RALIK TEMÄ°Z DAÄ°RE,12.0,125.0,31-10-2023,2.0,30.0,1,Mimar Sinan,3 + 1,6.0,5.0,1.0,3.0,4.0
160,Merkezefendi mh 2+1 100m2 doÄŸalgazlÄ± asansÃ¶rlÃ¼ daire,10.5,120.0,29-10-2023,6.0,25.0,1,Merkez Efendi,2 + 1,6.0,4.0,2.0,2.0,4.0
161,MANÄ°SA SALÄ°HLÄ° KURTULUÅ MAH KÄ°RALIK 3+1 DOÄALGAZ ISITMALI DAÄ°RE,15.0,165.0,02-10-2023,3.0,2.0,2,KurtuluÅŸ,3 + 1,4.0,0.0,2.0,3.0,6.0
162,ERSOY GAYRÄ°MENKUL'DEN KARAALÄ°'DE 2+1 80 m2 KÄ°RALIK DAÄ°RE,9.5,90.0,02-11-2023,4.0,5.0,1,Karaali,2 + 1,4.0,0.0,1.0,2.0,3.0
163,Ä°BRAHÄ°M Ã‡ELEBÄ° MAH. 2+1 kapalÄ± mutfaklÄ± doÄŸalgazlÄ± masrafsÄ±z,10.5,90.0,26-10-2023,3.0,26.0,1,Ä°brahimÃ§elebi,2 + 1,6.0,5.0,1.0,2.0,3.0
164,KÄ°RALIK TEMÄ°Z DAÄ°RE,15.0,140.0,31-10-2023,3.0,25.0,1,Mimar Sinan,3 + 1,6.0,4.0,1.0,3.0,5.0
165,Manisa karaali villalar bÃ¶lgesinde havuzlu eÅŸyalÄ± kiralÄ±k,15.0,60.0,02-11-2023,2.0,4.0,1,Karaali,1 + 1,3.0,0.0,1.0,1.0,1.0
166,ÅEHÄ°R MERKEZÄ°NDE FULL EÅYALI 1+1 65M2 DAÄ°RE,7.0,65.0,09-11-2023,2.0,7.0,1,KurtuluÅŸ,1 + 1,5.0,1.0,2.0,1.0,1.0
167,manisa sahibinden yunusemre yeni mahallede kiralÄ±k daire,15.0,135.0,27-09-2023,2.0,15.0,1,Yeni Mahalle,3 + 1,5.0,2.0,0.0,3.0,5.0
168,KOMISYON YOK.SAHIBINDEN,22.0,155.0,01-11-2023,5.0,7.0,2,GÃ¼zelyurt,3 + 1,4.0,1.0,0.0,3.0,6.0
169,SALÄ°HLÄ° CÄ°N EMLAK!TAN YÃ–RÃœK MAH AVAR CAD ÃœZERÄ°NDE KÄ°RALIK DOÄAL GAZLI ASANSÃ–RLÃœ DAÄ°RE,13.0,140.0,25-09-2023,3.0,10.0,1,YÃ¶rÃ¼k,3 + 1,5.0,1.0,1.0,3.0,5.0
170,Akhisar AtatÃ¼rk Mahallesi'nde 1+1 KiralÄ±k Daire,10.0,85.0,25-09-2023,2.0,0.0,1,AtatÃ¼rk,1 + 1,3.0,0.0,2.0,1.0,2.0
171,KÄ°RALIK 2+1 DOÄALGAZLI GENÄ°Å MUTFAKLI BAHÃ‡ELÄ° ZEMÄ°N KAT DAÄ°RE,10.0,160.0,02-11-2023,1.0,26.0,1,Yeni,2 + 1,4.0,5.0,2.0,2.0,6.0
172,EÅŸyalÄ± kiralÄ±k daÄ±re,11.0,100.0,08-11-2023,7.0,5.0,1,Ä°stasyon,2 + 1,8.0,0.0,3.0,2.0,4.0
173,SALÄ°HLÄ° KURTULUÅ DA KÄ°RALIK 2+1 DAÄ°RE,10.0,110.0,03-11-2023,3.0,3.0,1,KurtuluÅŸ,2 + 1,5.0,0.0,2.0,2.0,4.0
174,BEYZA GM den MANÄ°SA MEYDAN POJESÄ°NDE KÄ°RALIK 1+1 DAÄ°RE,12.0,45.0,05-09-2023,12.0,0.0,1,UncubozkÃ¶y,1 + 1,4.0,0.0,1.0,1.0,0.0
175,memura kiralÄ±k daire sahibinden,16.0,130.0,02-10-2023,2.0,15.0,1,75. YÄ±l,3 + 1,2.0,2.0,1.0,3.0,5.0
176,CEYLAN YAPI GAYRÄ°MENKULDEN KÄ°RALIK AÄ°LE APARTMANI HUZURR DOLU DAÄ°RE,9.0,130.0,06-10-2023,3.0,20.0,1,HÃ¼rriyet,3 + 1,3.0,3.0,2.0,3.0,5.0
177,Karaali Havuzlu Site Ä°Ã§erisinde KiralÄ±k 2+1 YÃ¼ksek Zemin,12.5,80.0,27-10-2023,1.0,3.0,1,Muradiye,2 + 1,3.0,0.0,1.0,2.0,2.0
178,MANÄ°SA'NIN EN PRESTÄ°JLÄ° PROJESÄ°NDEN 4+1 SIFIR ARA KAT DAÄ°RE,35.0,179.0,16-10-2023,7.0,0.0,2,GÃ¼zelyurt,4 + 1,4.0,0.0,0.0,4.0,6.0
179,KOÃ‡AK'TAN ÅEHZADE KONUTLARI/KÄ°RALIK/EÅYALI/EÅYASIZ 3+1 DAÄ°RE,25.0,148.0,10-11-2023,3.0,10.0,2,75. YÄ±l,3 + 1,8.0,1.0,1.0,3.0,6.0
180,SALÄ°HLÄ° CÄ°N EMLAK'TAN YÃ–RÃœK MAH KÄ°RALIK 2+1 DOÄALGAZLI ASANSÃ–RLÃœ DAÄ°RE,9.5,100.0,27-10-2023,3.0,4.0,1,YÃ¶rÃ¼k,2 + 1,5.0,0.0,1.0,2.0,4.0
181,FUL EÅYALI KÄ°RALIK 1+1 ASANSÃ–RLÃœ 6 YAÅINDA DAÄ°RE,9.5,60.0,13-11-2023,5.0,6.0,1,Ege,1 + 1,5.0,1.0,2.0,1.0,1.0
182,AKGEDÄ°K GRUP'DAN AKGEDÄ°K TOKÄ° KONUTLARI 1.ETAPDA ESYALÄ° 2+1,12.0,103.0,09-10-2023,1.0,4.0,2,Akgedik,2 + 1,5.0,0.0,1.0,2.0,4.0
183,Akhisar PaÅŸa Mahallesi'nde 2+1 KiralÄ±k Daire,6.0,110.0,18-09-2023,3.0,30.0,1,PaÅŸa,2 + 1,3.0,5.0,2.0,2.0,4.0
185,KOÃ‡AK'TAN KARAALÄ° BÃ–LGESÄ°NDE 2+1 SIFIR KÄ°RALIK BAHÃ‡ELÄ° ZEMÄ°N DAÄ°RE,18.0,120.0,25-10-2023,1.0,0.0,1,Muradiye,2 + 1,3.0,0.0,1.0,2.0,4.0
186,Site Ä°Ã§erisinde KiralÄ±k 1+1 EÅŸyalÄ± Daire,11.0,75.0,26-10-2023,1.0,4.0,1,Karaali,1 + 1,3.0,0.0,1.0,1.0,2.0
187,Manisa Meydan Sitesinde KiralÄ±k 1+1 Daire,10.0,48.0,09-10-2023,11.0,0.0,1,UncubozkÃ¶y,1 + 1,4.0,0.0,1.0,1.0,0.0
188,KÄ°RALIK KALORÄ°FERLÄ° EÅYALI 3+1 DAÄ°RE,7.5,120.0,10-10-2023,3.0,3.0,1,Fatih,3 + 1,4.0,0.0,3.0,3.0,4.0
189,Manisa Meydan Sitesinde Full EÅŸyalÄ± KiralÄ±k 1+1 Daire,14.0,45.0,09-10-2023,13.0,0.0,1,UncubozkÃ¶y,1 + 1,4.0,0.0,1.0,1.0,0.0
190,Ã–ZGÃœN GM'DEN - LALELÄ° MESÄ°R MAH. KÄ°RALIK 3+1 STANDART YÃœKSEK GÄ°RÄ°Å DAÄ°RE,8.0,100.0,26-10-2023,1.0,40.0,1,Mesir,3 + 1,3.0,5.0,2.0,3.0,4.0
191,istasyon Mahallesinde 2+1 kiralik daire,6.5,6.5,28-09-2023,5.0,18.0,1,Ä°stasyon,2 + 1,5.0,3.0,3.0,2.0,0.0
